email,lastName,firstName
evaggs0@zdnet.com,Vaggs,Elka
maldous1@wordpress.com,Aldous,Maryl
wmchardy2@pcworld.com,McHardy,Warner
gcrown3@goo.gl,Crown,Gordon
rkerrey4@quantcast.com,Kerrey,Rosetta
rrawlence5@gnu.org,Rawlence,Ree
awithers6@soundcloud.com,Withers,Alwin
fdenman7@oaic.gov.au,Denman,Felicdad
gvasilchikov8@ow.ly,Vasilchikov,Gertrud
fradbourn9@spiegel.de,Radbourn,Fae
jmelbourna@wikia.com,Melbourn,Joellen
akaneb@phpbb.com,Kane,Arline
jlucioc@soup.io,Lucio,Jere
hleregod@businesswire.com,Lerego,Hatti
cstopforde@wunderground.com,Stopford,Carroll
nbloref@digg.com,Blore,Nico
vcountg@abc.net.au,Count,Valera
btulloth@woothemes.com,Tullot,Bliss
cmcjarrowi@nba.com,McJarrow,Clerkclaude
lsparhamj@mediafire.com,Sparham,Lauraine
dubachk@google.nl,Ubach,Diane-marie
ztomaszynskil@guardian.co.uk,Tomaszynski,Zerk
omatthiaem@pcworld.com,Matthiae,Orlan
vpideonn@amazon.com,Pideon,Viviana
tclisto@pen.io,Clist,Tilly
thawthornp@artisteer.com,Hawthorn,Tommy
rtrumpq@ning.com,Trump,Roderick
tgirardir@about.me,Girardi,Tera
pchattocks@scribd.com,Chattock,Panchito
cbonsalet@bravesites.com,Bonsale,Carmita
