title,content
Homebuilding,Capital Goods
n/a,n/a
Apparel,Consumer Non-Durables
Major Pharmaceuticals,Health Care
Major Banks,Finance
n/a,n/a
Investment Bankers/Brokers/Service,Finance
n/a,n/a
Medical/Dental Instruments,Health Care
Finance: Consumer Services,Finance
Major Chemicals,Basic Industries
Apparel,Consumer Non-Durables
Oil & Gas Production,Energy
Other Consumer Services,Consumer Services
Finance: Consumer Services,Finance
Major Banks,Finance
Savings Institutions,Finance
n/a,n/a
Major Pharmaceuticals,Health Care
Natural Gas Distribution,Energy
n/a,n/a
Major Pharmaceuticals,Health Care
n/a,n/a
Real Estate Investment Trusts,Consumer Services
Commercial Banks,Finance
Real Estate Investment Trusts,Consumer Services
Biotechnology: Biological Products (No Diagnostic Substances),Health Care
Computer Manufacturing,Technology
Savings Institutions,Finance
Natural Gas Distribution,Energy
